Date,High,Low,Open,Close,Volume,Adj Close
1/4/2016,105.3700027,102,102.6100006,105.3499985,67649400,98.44665527
1/5/2016,105.8499985,102.4100037,105.75,102.7099991,55791000,95.97967529
1/6/2016,102.3700027,99.87000275,100.5599976,100.6999969,68457400,94.10138702
1/7/2016,100.1299973,96.43000031,98.68000031,96.44999695,81094400,90.12986755
1/8/2016,99.11000061,96.76000214,98.55000305,96.95999908,70798000,90.60643768
1/11/2016,99.05999756,97.33999634,98.97000122,98.52999878,49739400,92.07356262
1/12/2016,100.6900024,98.83999634,100.5500031,99.95999908,49154200,93.40987396
1/13/2016,101.1900024,97.30000305,100.3199997,97.38999939,62439600,91.00827026
1/14/2016,100.4800034,95.73999786,97.95999908,99.51999664,63170100,92.99869537
1/15/2016,97.70999908,95.36000061,96.19999695,97.12999725,79833900,90.76530457
1/19/2016,98.65000153,95.5,98.41000366,96.66000366,53087700,90.32610321
1/20/2016,98.19000244,93.41999817,95.09999847,96.79000092,72334400,90.44757843
1/21/2016,97.87999725,94.94000244,97.05999756,96.30000305,52161500,89.98970032
1/22/2016,101.4599991,98.37000275,98.62999725,101.4199982,65800500,94.77420044
1/25/2016,101.5299988,99.20999908,101.5199966,99.44000244,51794500,92.92395782
1/26/2016,100.8799973,98.06999969,99.93000031,99.98999786,75077000,93.4378891
1/27/2016,96.62999725,93.33999634,96.04000092,93.41999817,133369700,87.29841614
1/28/2016,94.51999664,92.38999939,93.79000092,94.08999634,55678800,87.92449951
1/29/2016,97.33999634,94.34999847,94.79000092,97.33999634,64416500,90.96153259
2/1/2016,96.70999908,95.40000153,96.47000122,96.43000031,40943500,90.11116791
2/2/2016,96.04000092,94.27999878,95.41999817,94.48000336,37357200,88.28896332
2/3/2016,96.83999634,94.08000183,95,96.34999847,45964300,90.03642273
2/4/2016,97.33000183,95.19000244,95.86000061,96.59999847,46471700,90.75986481
2/5/2016,96.91999817,93.69000244,96.51999664,94.01999664,46418100,88.33583832
2/8/2016,95.69999695,93.04000092,93.12999725,95.01000214,54021400,89.2660141
2/9/2016,95.94000244,93.93000031,94.29000092,94.98999786,44331200,89.2472229
2/10/2016,96.34999847,94.09999847,95.91999817,94.26999664,42343600,88.57073212
2/11/2016,94.72000122,92.58999634,93.79000092,93.69999695,50074700,88.03517914
2/12/2016,94.5,93.01000214,94.19000244,93.98999786,40351400,88.30765533
2/16/2016,96.84999847,94.61000061,95.01999664,96.63999939,49057900,90.79743958
2/17/2016,98.20999908,96.15000153,96.66999817,98.12000275,44863200,92.18796539
2/18/2016,98.88999939,96.08999634,98.83999634,96.26000214,39021000,90.44042969
2/19/2016,96.76000214,95.80000305,96,96.04000092,35374200,90.23371887
2/22/2016,96.90000153,95.91999817,96.30999756,96.87999725,34280800,91.02293396
2/23/2016,96.5,94.55000305,96.40000153,94.69000244,31942600,88.9653244
2/24/2016,96.37999725,93.31999969,93.98000336,96.09999847,36255700,90.29008484
2/25/2016,96.76000214,95.25,96.05000305,96.76000214,27582700,90.91020203
2/26/2016,98.01999664,96.58000183,97.19999695,96.91000366,28991100,91.0511322
2/29/2016,98.23000336,96.65000153,96.86000061,96.69000244,35216300,90.84444427
3/1/2016,100.7699966,97.41999817,97.65000153,100.5299988,50407100,94.45227051
3/2/2016,100.8899994,99.63999939,100.5100021,100.75,33169600,94.65897369
3/3/2016,101.7099991,100.4499969,100.5800018,101.5,36955700,95.36363983
3/4/2016,103.75,101.3700027,102.3700027,103.0100021,46055100,96.782341
3/7/2016,102.8300018,100.9599991,102.3899994,101.8700027,35828900,95.71125793
3/8/2016,101.7600021,100.4000015,100.7799988,101.0299988,31561900,94.92205048
3/9/2016,101.5800018,100.2699966,101.3099976,101.1200027,27201700,95.00661469
3/10/2016,102.2399979,100.1500015,101.4100037,101.1699982,33513600,95.05358887
3/11/2016,102.2799988,101.5,102.2399979,102.2600021,27408200,96.07766724
3/14/2016,102.9100037,101.7799988,101.9100037,102.5199966,25076100,96.32196045
3/15/2016,105.1800003,103.8499985,103.9599991,104.5800018,40067700,98.25743103
3/16/2016,106.3099976,104.5899963,104.6100006,105.9700012,38303500,99.56339264
3/17/2016,106.4700012,104.9599991,105.5199966,105.8000031,34420700,99.40367126
3/18/2016,106.5,105.1900024,106.3399963,105.9199982,44205200,99.5164032
3/21/2016,107.6500015,105.1399994,105.9300003,105.9100037,35502700,99.50701904
3/22/2016,107.2900009,105.2099991,105.25,106.7200012,32444400,100.2680511
3/23/2016,107.0699997,105.9000015,106.4800034,106.1299973,25703500,99.71369171
3/24/2016,106.25,104.8899994,105.4700012,105.6699982,26133000,99.28153229
3/28/2016,106.1900024,105.0599976,106,105.1900024,19411400,98.83054352
3/29/2016,107.7900009,104.8799973,104.8899994,107.6800003,31190100,101.1700058
3/30/2016,110.4199982,108.5999985,108.6500015,109.5599976,45601100,102.9363556
3/31/2016,109.9000015,108.8799973,109.7200012,108.9899979,25888400,102.400795
4/1/2016,110,108.1999969,108.7799988,109.9899979,25874000,103.3403473
4/4/2016,112.1900024,110.2699966,110.4199982,111.1200027,37356200,104.4020309
4/5/2016,110.7300034,109.4199982,109.5100021,109.8099976,26578700,103.1712494
4/6/2016,110.9800034,109.1999969,110.2300034,110.9599991,26404100,104.2517014
4/7/2016,110.4199982,108.1200027,109.9499969,108.5400009,31801900,101.9780045
4/8/2016,109.7699966,108.1699982,108.9100037,108.6600037,23581700,102.0907516
4/11/2016,110.6100006,108.8300018,108.9700012,109.0199966,29407500,102.4289856
4/12/2016,110.5,108.6600037,109.3399963,110.4400024,27232300,103.7631378
4/13/2016,112.3399963,110.8000031,110.8000031,112.0400009,33257300,105.2664185
4/14/2016,112.3899994,111.3300018,111.6200027,112.0999985,25473900,105.3227921
4/15/2016,112.3000031,109.7300034,112.1100006,109.8499985,46939000,103.2088165
4/18/2016,108.9499969,106.9400024,108.8899994,107.4800034,60821500,100.9821091
4/19/2016,108,106.2300034,107.8799973,106.9100037,32384900,100.4465561
4/20/2016,108.0899963,106.0599976,106.6399994,107.1299973,30611000,100.6532516
4/21/2016,106.9300003,105.5199966,106.9300003,105.9700012,31552500,99.56339264
4/22/2016,106.4800034,104.6200027,105.0100021,105.6800003,33683100,99.29091644
4/25/2016,105.6500015,104.5100021,105,105.0800018,28031600,98.72719574
4/26/2016,105.3000031,103.9100037,103.9100037,104.3499985,56016200,98.04133606
4/27/2016,98.70999908,95.68000031,96,97.81999969,114602100,91.90611267
4/28/2016,97.87999725,94.25,97.61000061,94.83000183,82242700,89.09687805
4/29/2016,94.72000122,92.51000214,93.98999786,93.73999786,68531500,88.07276154
5/2/2016,94.08000183,92.40000153,93.97000122,93.63999939,48160100,87.97880554
5/3/2016,95.73999786,93.68000031,94.19999695,95.18000031,56831300,89.42570496
5/4/2016,95.90000153,93.81999969,95.19999695,94.19000244,41025500,88.49556732
5/5/2016,94.06999969,92.68000031,94,93.23999786,35890500,88.1363678
5/6/2016,93.44999695,91.84999847,93.37000275,92.72000122,43699900,87.64485168
5/9/2016,93.76999664,92.58999634,93,92.79000092,32936400,87.71100616
5/10/2016,93.56999969,92.11000061,93.33000183,93.41999817,33686800,88.30651093
5/11/2016,93.56999969,92.45999908,93.48000336,92.51000214,28719100,87.44632721
5/12/2016,92.77999878,89.47000122,92.72000122,90.33999634,76314700,85.39509583
5/13/2016,91.66999817,90,90,90.51999664,44392800,85.56523895
5/16/2016,94.38999939,91.65000153,92.38999939,93.87999725,61259800,88.74134064
5/17/2016,94.69999695,93.01000214,94.55000305,93.48999786,46916900,88.37268829
5/18/2016,95.20999908,93.88999939,94.16000366,94.55999756,42062400,89.3841095
5/19/2016,94.63999939,93.56999969,94.63999939,94.19999695,30442100,89.04381561
5/20/2016,95.43000031,94.51999664,94.63999939,95.22000122,32026000,90.00799561
5/23/2016,97.19000244,95.66999817,95.87000275,96.43000031,38018600,91.15176392
5/24/2016,98.08999634,96.83999634,97.22000122,97.90000153,35140200,92.54129791
5/25/2016,99.73999786,98.11000061,98.66999817,99.62000275,38168800,94.16714478
5/26/2016,100.7300034,98.63999939,99.68000031,100.4100037,56331200,94.91390991
5/27/2016,100.4700012,99.25,99.44000244,100.3499985,36341200,94.85718536
5/31/2016,100.4000015,98.81999969,99.59999847,99.86000061,42307200,94.39402008
6/1/2016,99.54000092,98.33000183,99.01999664,98.45999908,29173300,93.07063293
6/2/2016,97.83999634,96.62999725,97.59999847,97.72000122,40191600,92.37115479
6/3/2016,98.26999664,97.44999695,97.79000092,97.91999817,28504900,92.56019592
6/6/2016,101.8899994,97.55000305,97.98999786,98.62999725,23292500,93.23133087
6/7/2016,99.87000275,98.95999908,99.25,99.02999878,22409500,93.60944366
6/8/2016,99.55999756,98.68000031,99.01999664,98.94000244,20848100,93.52436829
6/9/2016,99.98999786,98.45999908,98.5,99.65000153,26601400,94.19551086
6/10/2016,99.34999847,98.48000336,98.52999878,98.83000183,31712900,93.42040253
6/13/2016,99.12000275,97.09999847,98.69000244,97.33999634,38020500,92.01194
6/14/2016,98.48000336,96.75,97.31999969,97.45999908,31931900,92.1253891
6/15/2016,98.41000366,97.02999878,97.81999969,97.13999939,29445200,91.82289886
6/16/2016,97.75,96.06999969,96.44999695,97.55000305,31326800,92.21046448
6/17/2016,96.65000153,95.30000305,96.62000275,95.33000183,61008200,90.11197662
6/20/2016,96.56999969,95.02999878,96,95.09999847,34411900,89.89456177
6/21/2016,96.34999847,94.68000031,94.94000244,95.91000366,35546400,90.66021729
6/22/2016,96.88999939,95.34999847,96.25,95.55000305,29219100,90.3199234
6/23/2016,96.29000092,95.25,95.94000244,96.09999847,32240200,90.83982849
6/24/2016,94.66000366,92.65000153,92.91000366,93.40000153,75311400,88.28762054
6/27/2016,93.05000305,91.5,93,92.04000092,45489600,87.00205231
6/28/2016,93.66000366,92.13999939,92.90000153,93.58999634,40444900,88.46720886
6/29/2016,94.55000305,93.62999725,93.97000122,94.40000153,36531000,89.23286438
6/30/2016,95.76999664,94.30000305,94.44000244,95.59999847,35836400,90.36719513
7/1/2016,96.47000122,95.33000183,95.48999786,95.88999939,26026500,90.64131927
7/5/2016,95.40000153,94.45999908,95.38999939,94.98999786,27705200,89.79057312
7/6/2016,95.66000366,94.37000275,94.59999847,95.52999878,30949100,90.30101776
7/7/2016,96.5,95.62000275,95.69999695,95.94000244,25139600,90.68858337
7/8/2016,96.88999939,96.05000305,96.48999786,96.68000031,28912100,91.38808441
7/11/2016,97.65000153,96.73000336,96.75,96.98000336,23794900,91.67165375
7/12/2016,97.69999695,97.12000275,97.16999817,97.41999817,24167500,92.08757782
7/13/2016,97.66999817,96.83999634,97.41000366,96.87000275,25892200,91.56768036
7/14/2016,98.98999786,97.31999969,97.38999939,98.79000092,38919000,93.38257599
7/15/2016,99.30000305,98.5,98.91999817,98.77999878,30137000,93.37313843
7/18/2016,100.1299973,98.59999847,98.69999695,99.83000183,36493900,94.36565399
7/19/2016,100,99.33999634,99.55999756,99.87000275,23779900,94.4034729
7/20/2016,100.4599991,99.73999786,100,99.95999908,26276000,94.48855591
7/21/2016,101,99.12999725,99.83000183,99.43000031,32702000,93.98755646
7/22/2016,99.30000305,98.30999756,99.26000214,98.66000366,28313700,93.25970459
7/25/2016,98.83999634,96.91999817,98.25,97.33999634,40382900,92.01194
7/26/2016,97.97000122,96.41999817,96.81999969,96.66999817,56239800,91.37862396
7/27/2016,104.3499985,102.75,104.2699966,102.9499969,92344800,97.31486511
7/28/2016,104.4499969,102.8199997,102.8300018,104.3399963,39869800,98.62876892
7/29/2016,104.5500031,103.6800003,104.1900024,104.2099991,27733700,98.50592041
8/1/2016,106.1500015,104.4100037,104.4100037,106.0500031,38167900,100.2451935
8/2/2016,106.0699997,104,106.0500031,104.4800034,33816600,98.76113892
8/3/2016,105.8399963,104.7699966,104.8099976,105.7900009,30202600,99.9994278
8/4/2016,106,105.2799988,105.5800018,105.8700027,27408700,100.6171875
8/5/2016,107.6500015,106.1800003,106.2699966,107.4800034,40553400,102.1473007
8/8/2016,108.3700027,107.1600037,107.5199966,108.3700027,28037200,102.9931335
8/9/2016,108.9400024,108.0100021,108.2300034,108.8099976,26315200,103.411293
8/10/2016,108.9000015,107.7600021,108.7099991,108,24008500,102.6414948
8/11/2016,108.9300003,107.8499985,108.5199966,107.9300003,27484500,102.5749588
8/12/2016,108.4400024,107.7799988,107.7799988,108.1800003,18660400,102.8125534
8/15/2016,109.5400009,108.0800018,108.1399994,109.4800034,25868200,104.0480728
8/16/2016,110.2300034,109.2099991,109.6299973,109.3799973,33794400,103.9530258
8/17/2016,109.3700027,108.3399963,109.0999985,109.2200012,25356000,103.8009491
8/18/2016,109.5999985,109.0199966,109.2300034,109.0800018,21984700,103.6679077
8/19/2016,109.6900024,108.3600006,108.7699966,109.3600006,25368100,103.9340134
8/22/2016,109.0999985,107.8499985,108.8600006,108.5100021,25820200,103.1261978
8/23/2016,109.3199997,108.5299988,108.5899963,108.8499985,21257700,103.4493179
8/24/2016,108.75,107.6800003,108.5699997,108.0299988,23675100,102.6700058
8/25/2016,107.8799973,106.6800003,107.3899994,107.5699997,25086200,102.2328415
8/26/2016,107.9499969,106.3099976,107.4100037,106.9400024,27766300,101.634079
8/29/2016,107.4400024,106.2900009,106.6200027,106.8199997,24970300,101.5200348
8/30/2016,106.5,105.5,105.8000031,106,24863900,100.7407379
8/31/2016,106.5699997,105.6399994,105.6600037,106.0999985,29662400,100.835762
9/1/2016,106.8000031,105.6200027,106.1399994,106.7300034,26701500,101.4345093
9/2/2016,108,106.8199997,107.6999969,107.7300034,26802500,102.3848953
9/6/2016,108.3000031,107.5100021,107.9000015,107.6999969,26880400,102.356369
9/7/2016,108.7600021,107.0699997,107.8300018,108.3600006,42364300,102.9836273
9/8/2016,107.2699966,105.2399979,107.25,105.5199966,53002000,100.2845306
9/9/2016,105.7200012,103.1299973,104.6399994,103.1299973,46557000,98.01311493
9/12/2016,105.7200012,102.5299988,102.6500015,105.4400024,45292800,100.208519
9/13/2016,108.7900009,107.2399979,107.5100021,107.9499969,62176200,102.5939636
9/14/2016,113.0299988,108.5999985,108.7300034,111.7699966,110888700,106.2244492
9/15/2016,115.7300034,113.4899979,113.8600006,115.5699997,89983600,109.8358994
9/16/2016,116.1299973,114.0400009,115.1200027,114.9199982,79886900,109.2181549
9/19/2016,116.1800003,113.25,115.1900024,113.5800018,47023000,107.9446411
9/20/2016,114.1200027,112.5100021,113.0500031,113.5699997,34514300,107.9351273
9/21/2016,113.9899979,112.4400024,113.8499985,113.5500031,36003200,107.9161148
9/22/2016,114.9400024,114,114.3499985,114.6200027,31074000,108.9330444
9/23/2016,114.7900009,111.5500031,114.4199982,112.7099991,52481200,107.1178055
9/26/2016,113.3899994,111.5500031,111.6399994,112.8799973,29869400,107.2793655
9/27/2016,113.1800003,112.3399963,113,113.0899963,24607400,107.4789429
9/28/2016,114.6399994,113.4300003,113.6900024,113.9499969,29641100,108.2962799
9/29/2016,113.8000031,111.8000031,113.1600037,112.1800003,35887000,106.6141129
9/30/2016,113.3700027,111.8000031,112.4599991,113.0500031,36379100,107.4409332
10/3/2016,113.0500031,112.2799988,112.7099991,112.5199966,21701800,106.9372101
10/4/2016,114.3099976,112.6299973,113.0599976,113,29736800,107.3934097
10/5/2016,113.6600037,112.6900024,113.4000015,113.0500031,21453100,107.4409332
10/6/2016,114.3399963,113.1299973,113.6999969,113.8899994,28779300,108.2392502
10/7/2016,114.5599976,113.5100021,114.3099976,114.0599976,24358400,108.4008179
10/10/2016,116.75,114.7200012,115.0199966,116.0500031,36236000,110.2920837
10/11/2016,118.6900024,116.1999969,117.6999969,116.3000031,64041000,110.5296936
10/12/2016,117.9800034,116.75,117.3499985,117.3399963,37586800,111.518074
10/13/2016,117.4400024,115.7200012,116.7900009,116.9800034,35192400,111.1759415
10/14/2016,118.1699982,117.1299973,117.8799973,117.6299973,35652200,111.7936859
10/17/2016,117.8399963,116.7799988,117.3300018,117.5500031,23624900,111.717659
10/18/2016,118.2099991,117.4499969,118.1800003,117.4700012,24553500,111.6416321
10/19/2016,117.7600021,113.8000031,117.25,117.1200027,20034600,111.3090057
10/20/2016,117.3799973,116.3300018,116.8600006,117.0599976,24125800,111.2519684
10/21/2016,116.9100037,116.2799988,116.8099976,116.5999985,23192700,110.8148041
10/24/2016,117.7399979,117,117.0999985,117.6500015,23538700,111.8127136
10/25/2016,118.3600006,117.3099976,117.9499969,118.25,48129000,112.3829193
10/26/2016,115.6999969,113.3099976,114.3099976,115.5899963,66134200,109.8549042
10/27/2016,115.8600006,114.0999985,115.3899994,114.4800034,34562000,108.7999802
10/28/2016,115.2099991,113.4499969,113.8700027,113.7200012,37861700,108.0776978
10/31/2016,114.2300034,113.1999969,113.6500015,113.5400009,26419400,107.9066086
11/1/2016,113.7699966,110.5299988,113.4599991,111.4899979,43825800,105.9583282
11/2/2016,112.3499985,111.2300034,111.4000015,111.5899963,28331700,106.05336
11/3/2016,111.4599991,109.5500031,110.9800034,109.8300018,26932600,104.916626
11/4/2016,110.25,108.1100006,108.5299988,108.8399963,30837000,103.9708862
11/7/2016,110.5100021,109.4599991,110.0800018,110.4100037,32560000,105.470665
11/8/2016,111.7200012,109.6999969,110.3099976,111.0599976,24254200,106.0915833
11/9/2016,111.3199997,108.0500031,109.8799973,110.8799973,59176400,105.9196396
11/10/2016,111.0899963,105.8300018,111.0899963,107.7900009,57134500,102.9678802
11/11/2016,108.8700027,106.5500031,107.1200027,108.4300003,34143900,103.5792542
11/14/2016,107.8099976,104.0800018,107.7099991,105.7099991,51175500,100.9809189
11/15/2016,107.6800003,106.1600037,106.5699997,107.1100006,32264500,102.3182907
11/16/2016,110.2300034,106.5999985,106.6999969,109.9899979,58840500,105.0694504
11/17/2016,110.3499985,108.8300018,109.8099976,109.9499969,27632000,105.0312271
11/18/2016,110.5400009,109.6600037,109.7200012,110.0599976,28428900,105.136322
11/21/2016,111.9899979,110.0100021,110.1200027,111.7300034,29264600,106.7316055
11/22/2016,112.4199982,111.4000015,111.9499969,111.8000031,25965500,106.7984772
11/23/2016,111.5100021,110.3300018,111.3600006,111.2300034,27426400,106.2539749
11/25/2016,111.8700027,110.9499969,111.1299973,111.7900009,11475900,106.7889328
11/28/2016,112.4700012,111.3899994,111.4300003,111.5699997,27194000,106.5787659
11/29/2016,112.0299988,110.0699997,110.7799988,111.4599991,28528800,106.4737015
11/30/2016,112.1999969,110.2699966,111.5999985,110.5199966,36162300,105.575737
12/1/2016,110.9400024,109.0299988,110.3700027,109.4899979,37086900,104.5918121
12/2/2016,110.0899963,108.8499985,109.1699982,109.9000015,26528000,104.9834747
12/5/2016,110.0299988,108.25,110,109.1100006,34324500,104.2288208
12/6/2016,110.3600006,109.1900024,109.5,109.9499969,26195500,105.0312271
12/7/2016,111.1900024,109.1600037,109.2600021,111.0299988,29998700,106.0629272
12/8/2016,112.4300003,110.5999985,110.8600006,112.1200027,27068300,107.1041718
12/9/2016,114.6999969,112.3099976,112.3099976,113.9499969,34402600,108.8522949
12/12/2016,115,112.4899979,113.2900009,113.3000031,26374400,108.2313843
12/13/2016,115.9199982,113.75,113.8399963,115.1900024,43733800,110.0368271
12/14/2016,116.1999969,114.9800034,115.0400009,115.1900024,34031800,110.0368271
12/15/2016,116.7300034,115.2300034,115.3799973,115.8199997,46524500,110.6386261
12/16/2016,116.5,115.6500015,116.4700012,115.9700012,44351100,110.781929
12/19/2016,117.3799973,115.75,115.8000031,116.6399994,27779400,111.4219437
12/20/2016,117.5,116.6800003,116.7399979,116.9499969,21425000,111.7180862
12/21/2016,117.4000015,116.7799988,116.8000031,117.0599976,23783200,111.8231735
12/22/2016,116.5100021,115.6399994,116.3499985,116.2900009,26085900,111.0876083
12/23/2016,116.5199966,115.5899963,115.5899963,116.5199966,14249500,111.3073196
12/27/2016,117.8000031,116.4899979,116.5199966,117.2600021,18296900,112.0142136
12/28/2016,118.0199966,116.1999969,117.5199966,116.7600021,20905900,111.5365982
12/29/2016,117.1100006,116.4000015,116.4499969,116.7300034,15039500,111.5079269
12/30/2016,117.1999969,115.4300003,116.6500015,115.8199997,30586300,110.6386261
1/3/2017,116.3300018,114.7600021,115.8000031,116.1500015,28781900,110.9538727
1/4/2017,116.5100021,115.75,115.8499985,116.0199966,21118100,110.8297043
1/5/2017,116.8600006,115.8099976,115.9199982,116.6100006,22193600,111.3933029
1/6/2017,118.1600037,116.4700012,116.7799988,117.9100037,31751900,112.6351395
1/9/2017,119.4300003,117.9400024,117.9499969,118.9899979,33561900,113.6668243
1/10/2017,119.3799973,118.3000031,118.7699966,119.1100006,24462100,113.7814636
1/11/2017,119.9300003,118.5999985,118.7399979,119.75,27588600,114.3928223
1/12/2017,119.3000031,118.2099991,118.9000015,119.25,27086200,113.915184
1/13/2017,119.6200027,118.8099976,119.1100006,119.0400009,26111900,113.7145844
1/17/2017,120.2399979,118.2200012,118.3399963,120,34439800,114.6316528
1/18/2017,120.5,119.7099991,120,119.9899979,23713000,114.6220856
1/19/2017,120.0899963,119.3700027,119.4000015,119.7799988,25597300,114.4214859
1/20/2017,120.4499969,119.7300034,120.4499969,120,32597900,114.6316528
1/23/2017,120.8099976,119.7699966,120,120.0800018,22050200,114.7080612
1/24/2017,120.0999985,119.5,119.5500031,119.9700012,23211000,114.6029816
1/25/2017,122.0999985,120.2799988,120.4199982,121.8799973,32377600,116.427536
1/26/2017,122.4400024,121.5999985,121.6699982,121.9400024,26337600,116.4848557
1/27/2017,122.3499985,121.5999985,122.1399994,121.9499969,20562900,116.4944153
1/30/2017,121.6299973,120.6600037,120.9300003,121.6299973,30377500,116.1887054
1/31/2017,121.3899994,120.6200027,121.1500015,121.3499985,49201000,115.9212265
2/1/2017,130.4900055,127.0100021,127.0299988,128.75,111985000,122.9901886
2/2/2017,129.3899994,127.7799988,127.9800034,128.5299988,33710400,122.7800446
2/3/2017,129.1900024,128.1600037,128.3099976,129.0800018,24507300,123.3054352
2/6/2017,130.5,128.8999939,129.1300049,130.2899933,26845900,124.4613113
2/7/2017,132.0899963,130.4499969,130.5399933,131.5299988,38183800,125.6458054
2/8/2017,132.2200012,131.2200012,131.3500061,132.0399933,23004100,126.1330185
2/9/2017,132.4499969,131.1199951,131.6499939,132.4199982,28349900,127.0444489
2/10/2017,132.9400024,132.0500031,132.4600067,132.1199951,20065500,126.7566147
2/13/2017,133.8200073,132.75,133.0800018,133.2899933,23035400,127.8791046
2/14/2017,135.0899963,133.25,133.4700012,135.0200043,33226200,129.5389099
2/15/2017,136.2700043,134.6199951,135.5200043,135.5099945,35623100,130.0090179
2/16/2017,135.8999939,134.8399963,135.6699982,135.3500061,22584600,129.8554993
2/17/2017,135.8300018,135.1000061,135.1000061,135.7200012,22198200,130.2105255
2/21/2017,136.75,135.9799957,136.2299957,136.6999969,24507200,131.1507263
2/22/2017,137.1199951,136.1100006,136.4299927,137.1100006,20836900,131.5440521
2/23/2017,137.4799957,136.3000031,137.3800049,136.5299988,20788200,130.9876099
2/24/2017,136.6600037,135.2799988,135.9100037,136.6600037,21776600,131.1123505
2/27/2017,137.4400024,136.2799988,137.1399994,136.9299927,20257400,131.3713684
2/28/2017,137.4400024,136.6999969,137.0800018,136.9900055,23482900,131.4289551
3/1/2017,140.1499939,137.6000061,137.8899994,139.7899933,36414600,134.1152802
3/2/2017,140.2799988,138.7599945,140,138.9600067,26211000,133.3189392
3/3/2017,139.8300018,138.5899963,138.7799988,139.7799988,21108100,134.1056519
3/6/2017,139.7700043,138.6000061,139.3699951,139.3399963,21750000,133.6835175
3/7/2017,139.9799957,138.7899933,139.0599976,139.5200043,17446300,133.8562317
3/8/2017,139.8000031,138.8200073,138.9499969,139,18707200,133.3573151
3/9/2017,138.7899933,137.0500031,138.7400055,138.6799927,22155900,133.0503235
3/10/2017,139.3600006,138.6399994,139.25,139.1399994,19612800,133.4916687
3/13/2017,139.4299927,138.8200073,138.8500061,139.1999969,17421700,133.5491943
3/14/2017,139.6499939,138.8399963,139.3000031,138.9900055,15309100,133.3477631
3/15/2017,140.75,139.0299988,139.4100037,140.4600067,25691800,134.7580872
3/16/2017,141.0200043,140.2599945,140.7200012,140.6900024,19232000,134.978714
3/17/2017,141,139.8899994,141,139.9900055,43885000,134.3071594
3/20/2017,141.5,140.2299957,140.3999939,141.4600067,21542000,135.7174835
3/21/2017,142.8000031,139.7299957,142.1100006,139.8399963,39529900,134.1632233
3/22/2017,141.6000061,139.7599945,139.8500061,141.4199982,25860200,135.6790924
3/23/2017,141.5800018,140.6100006,141.2599945,140.9199982,20346300,135.1993713
3/24/2017,141.7400055,140.3500061,141.5,140.6399994,22395600,134.9307556
3/27/2017,141.2200012,138.6199951,139.3899994,140.8800049,23575100,135.161026
3/28/2017,144.0399933,140.6199951,140.9100037,143.8000031,33374800,137.9624786
3/29/2017,144.4900055,143.1900024,143.6799927,144.1199951,29190000,138.2694855
3/30/2017,144.5,143.5,144.1900024,143.9299927,21207300,138.0871887
3/31/2017,144.2700043,143.0099945,143.7200012,143.6600037,19661700,137.8281708
4/3/2017,144.1199951,143.0500031,143.7100067,143.6999969,19985700,137.8665466
4/4/2017,144.8899994,143.1699982,143.25,144.7700043,19891400,138.8931274
4/5/2017,145.4600067,143.8099976,144.2200012,144.0200043,27717900,138.1735535
4/6/2017,144.5200043,143.4499969,144.2899933,143.6600037,21149000,137.8281708
4/7/2017,144.1799927,143.2700043,143.7299957,143.3399963,16672200,137.5211487
4/10/2017,143.8800049,142.8999939,143.6000061,143.1699982,18933400,137.3580627
4/11/2017,143.3500061,140.0599976,142.9400024,141.6300049,30379400,135.8805847
4/12/2017,142.1499939,141.0099945,141.6000061,141.8000031,20350000,136.0436554
4/13/2017,142.3800049,141.0500031,141.9100037,141.0500031,17822900,135.3241577
4/17/2017,141.8800049,140.8699951,141.4799957,141.8300018,16582100,136.0724487
4/18/2017,142.0399933,141.1100006,141.4100037,141.1999969,14697500,135.4680328
4/19/2017,142,140.4499969,141.8800049,140.6799927,17328400,134.9691162
4/20/2017,142.9199982,141.1600037,141.2200012,142.4400024,23319600,136.6577148
4/21/2017,142.6799927,141.8500061,142.4400024,142.2700043,17320900,136.4945984
4/24/2017,143.9499969,143.1799927,143.5,143.6399994,17134300,137.8090057
4/25/2017,144.8999939,143.8699951,143.9100037,144.5299988,18871500,138.6628571
4/26/2017,144.6000061,143.3800049,144.4700012,143.6799927,20041200,137.8473511
4/27/2017,144.1600037,143.3099976,143.9199982,143.7899933,14246300,137.9528656
4/28/2017,144.3000031,143.2700043,144.0899963,143.6499939,20860400,137.8185577
5/1/2017,147.1999969,144.9600067,145.1000061,146.5800018,33602900,140.6296387
5/2/2017,148.0899963,146.8399963,147.5399933,147.5099945,45352200,141.5218964
5/3/2017,147.4900055,144.2700043,145.5899963,147.0599976,45697000,141.0901489
5/4/2017,147.1399994,145.8099976,146.5200043,146.5299988,23371900,140.5816498
5/5/2017,148.9799957,146.7599945,146.7599945,148.9600067,27327700,142.9130096
5/8/2017,153.6999969,149.0299988,149.0299988,153.0099945,48752400,146.7986145
5/9/2017,154.8800049,153.4499969,153.8699951,153.9900055,39130400,147.7388
5/10/2017,153.9400024,152.1100006,153.6300049,153.2599945,25805700,147.0384674
5/11/2017,154.0700073,152.3099976,152.4499969,153.9499969,27255100,148.3100891
5/12/2017,156.4199982,154.6699982,154.6999969,156.1000061,32527000,150.3813171
5/15/2017,156.6499939,155.0500031,156.0099945,155.6999969,26009700,149.9959869
5/16/2017,156.0599976,154.7200012,155.9400024,155.4700012,20048500,149.7744141
5/17/2017,154.5700073,149.7100067,153.6000061,150.25,50767700,144.745636
5/18/2017,153.3399963,151.1300049,151.2700043,152.5399933,33568200,146.9517365
5/19/2017,153.9799957,152.6300049,153.3800049,153.0599976,26960800,147.4526825
5/22/2017,154.5800018,152.9100037,154,153.9900055,22966400,148.3486481
5/23/2017,154.8999939,153.3099976,154.8999939,153.8000031,19918900,148.1655731
5/24/2017,154.1699982,152.6699982,153.8399963,153.3399963,19178000,147.7224426
5/25/2017,154.3500061,153.0299988,153.7299957,153.8699951,19235600,148.2329865
5/26/2017,154.2400055,153.3099976,154,153.6100006,21927600,147.9825592
5/30/2017,154.4299927,153.3300018,153.4199982,153.6699982,20126900,148.0403595
5/31/2017,154.1699982,152.3800049,153.9700012,152.7599945,24451200,147.163681
6/1/2017,153.3300018,152.2200012,153.1699982,153.1799927,16404100,147.5682983
6/2/2017,155.4499969,152.8899994,153.5800018,155.4499969,27770700,149.7551575
6/5/2017,154.4499969,153.4600067,154.3399963,153.9299927,25331700,148.2908173
6/6/2017,155.8099976,153.7799988,153.8999939,154.4499969,26624900,148.7917786
6/7/2017,155.9799957,154.4799957,155.0200043,155.3699951,21069600,149.6780701
6/8/2017,155.5399933,154.3999939,155.25,154.9900055,21250800,149.3119965
6/9/2017,155.1900024,146.0200043,155.1900024,148.9799957,64882700,143.5221405
6/12/2017,146.0899963,142.5099945,145.7400055,145.4199982,72307300,140.0925903
6/13/2017,147.4499969,145.1499939,147.1600037,146.5899963,34165400,141.2197418
6/14/2017,147.5,143.8399963,147.5,145.1600037,31531200,139.8421326
6/15/2017,144.4799957,142.2100067,143.3200073,144.2899933,32165400,139.003952
6/16/2017,144.5,142.1999969,143.7799988,142.2700043,50361100,137.0579834
6/19/2017,146.7400055,143.6600037,143.6600037,146.3399963,32541400,140.9788818
6/20/2017,146.8699951,144.9400024,146.8699951,145.0099945,24900100,139.6976013
6/21/2017,146.0700073,144.6100006,145.5200043,145.8699951,21265800,140.5260925
6/22/2017,146.6999969,145.1199951,145.7700043,145.6300049,19106300,140.2949219
6/23/2017,147.1600037,145.1100006,145.1300049,146.2799988,35439400,140.9210815
6/26/2017,148.2799988,145.3800049,147.1699982,145.8200073,25692400,140.477951
6/27/2017,146.1600037,143.6199951,145.0099945,143.7299957,24761900,138.4644928
6/28/2017,146.1100006,143.1600037,144.4900055,145.8300018,22082400,140.4875793
6/29/2017,145.1300049,142.2799988,144.7100067,143.6799927,31499400,138.4163208
6/30/2017,144.9600067,143.7799988,144.4499969,144.0200043,23024100,138.7438965
7/3/2017,145.3000031,143.1000061,144.8800049,143.5,14277800,138.2429047
7/5/2017,144.7899933,142.7200012,143.6900024,144.0899963,21569600,138.8113098
7/6/2017,143.5,142.4100037,143.0200043,142.7299957,24128800,137.5011444
7/7/2017,144.75,142.8999939,142.8999939,144.1799927,19201700,138.8980103
7/10/2017,145.9499969,143.3699951,144.1100006,145.0599976,21090600,139.7457581
7/11/2017,145.8500061,144.3800049,144.7299957,145.5299988,19781800,140.1985474
7/12/2017,146.1799927,144.8200073,145.8699951,145.7400055,24884500,140.4008636
7/13/2017,148.4900055,145.4400024,145.5,147.7700043,25199400,142.3565216
7/14/2017,149.3300018,147.3300018,147.9700012,149.0399933,20132100,143.5799561
7/17/2017,150.8999939,148.5700073,148.8200073,149.5599976,23793500,144.0808868
7/18/2017,150.1300049,148.6699982,149.1999969,150.0800018,17868800,144.5818787
7/19/2017,151.4199982,149.9499969,150.4799957,151.0200043,20923000,145.4874268
7/20/2017,151.7400055,150.1900024,151.5,150.3399963,17243700,144.8323364
7/21/2017,150.4400024,148.8800049,149.9900055,150.2700043,26252600,144.7649078
7/24/2017,152.4400024,149.8999939,150.5800018,152.0899963,21493200,146.5182495
7/25/2017,153.8399963,151.8000031,151.8000031,152.7400055,18853900,147.1444244
7/26/2017,153.9299927,153.0599976,153.3500061,153.4600067,15781000,147.8380585
7/27/2017,153.9900055,147.3000031,153.75,150.5599976,32476300,145.044281
7/28/2017,150.2299957,149.1900024,149.8899994,149.5,17213700,144.0231171
7/31/2017,150.3300018,148.1300049,149.8999939,148.7299957,19845900,143.281311
8/1/2017,150.2200012,148.4100037,149.1000061,150.0500031,35368600,144.5529633
8/2/2017,159.75,156.1600037,159.2799988,157.1399994,69936800,151.3832245
8/3/2017,157.2100067,155.0200043,157.0500031,155.5700073,27097300,149.8707428
8/4/2017,157.3999939,155.6900024,156.0700073,156.3899994,20559900,150.6607208
8/7/2017,158.9199982,156.6699982,157.0599976,158.8099976,21870300,152.9920654
8/8/2017,161.8300018,158.2700043,158.6000061,160.0800018,36205900,154.2155304
8/9/2017,161.2700043,159.1100006,159.2599945,161.0599976,26131500,155.1596069
8/10/2017,160,154.6300049,159.8999939,155.3200073,40804300,150.2174988
8/11/2017,158.5700073,156.0700073,156.6000061,157.4799957,26257100,152.3065491
8/14/2017,160.2100067,158.75,159.3200073,159.8500061,22122700,154.5986938
8/15/2017,162.1999969,160.1399994,160.6600037,161.6000061,29465500,156.2911835
8/16/2017,162.5099945,160.1499939,161.9400024,160.9499969,27671600,155.6625214
8/17/2017,160.7100067,157.8399963,160.5200043,157.8600006,27940600,152.674057
8/18/2017,159.5,156.7200012,157.8600006,157.5,27428100,152.3258972
8/21/2017,157.8899994,155.1100006,157.5,157.2100067,26368500,152.0454254
8/22/2017,160,158.0200043,158.2299957,159.7799988,21604600,154.5309906
8/23/2017,160.4700012,158.8800049,159.0700073,159.9799957,19399100,154.7243958
8/24/2017,160.7400055,158.5500031,160.4299927,159.2700043,19818900,154.037735
8/25/2017,160.5599976,159.2700043,159.6499939,159.8600006,25480100,154.6083527
8/28/2017,162,159.9299927,160.1399994,161.4700012,25966000,156.165451
8/29/2017,163.1199951,160,160.1000061,162.9100037,29516900,157.5581665
8/30/2017,163.8899994,162.6100006,163.8000031,163.3500061,27269600,157.9837036
8/31/2017,164.5200043,163.4799957,163.6399994,164,26785100,158.6123505
9/1/2017,164.9400024,163.6300049,164.8000031,164.0500031,16591100,158.6607056
9/5/2017,164.25,160.5599976,163.75,162.0800018,29468500,156.7554321
9/6/2017,162.9900055,160.5200043,162.7100067,161.9100037,21651700,156.5909882
9/7/2017,162.2400055,160.3600006,162.0899963,161.2599945,21928500,155.9623413
9/8/2017,161.1499939,158.5299988,160.8600006,158.6300049,28611500,153.4187775
9/11/2017,162.0500031,159.8899994,160.5,161.5,31580800,156.1944885
9/12/2017,163.9600067,158.7700043,162.6100006,160.8600006,71714000,155.5755157
9/13/2017,159.9600067,157.9100037,159.8699951,159.6499939,44907400,154.4052582
9/14/2017,159.3999939,158.0899963,158.9900055,158.2799988,23760700,153.080246
9/15/2017,160.9700012,158,158.4700012,159.8800049,49114600,154.6277008
9/18/2017,160.5,158,160.1100006,158.6699982,28269400,153.4574432
9/19/2017,159.7700043,158.4400024,159.5099945,158.7299957,20810600,153.5154724
9/20/2017,158.2599945,153.8300018,157.8999939,156.0700073,52951400,150.9428711
9/21/2017,155.8000031,152.75,155.8000031,153.3899994,37511700,148.3508911
9/22/2017,152.2700043,150.5599976,151.5399933,151.8899994,46645400,146.900177
9/25/2017,151.8300018,149.1600037,149.9900055,150.5500031,44387300,145.6042023
9/26/2017,153.9199982,151.6900024,151.7799988,153.1399994,36660000,148.1091156
9/27/2017,154.7200012,153.5399933,153.8000031,154.2299957,25504200,149.1632996
9/28/2017,154.2799988,152.6999969,153.8899994,153.2799988,22005500,148.2445068
9/29/2017,154.1300049,152,153.2100067,154.1199951,26299800,149.0569
10/2/2017,154.4499969,152.7200012,154.2599945,153.8099976,18698800,148.7571106
10/3/2017,155.0899963,153.9100037,154.0099945,154.4799957,16230300,149.4051056
10/4/2017,153.8600006,152.4600067,153.6300049,153.4799957,20163800,148.4379578
10/5/2017,155.4400024,154.0500031,154.1799927,155.3899994,21283800,150.2851715
10/6/2017,155.4900055,154.5599976,154.9700012,155.3000031,17407600,150.1981354
10/9/2017,156.7299957,155.4900055,155.8099976,155.8399963,16262900,150.7203979
10/10/2017,158,155.1000061,156.0599976,155.8999939,15617000,150.7784271
10/11/2017,156.9799957,155.75,155.9700012,156.5500031,16905600,151.4071045
10/12/2017,157.3699951,155.7299957,156.3500061,156,16125100,150.8751678
10/13/2017,157.2799988,156.4100037,156.7299957,156.9900055,16394200,151.8326416
10/16/2017,160,157.6499939,157.8999939,159.8800049,24121500,154.6277008
10/17/2017,160.8699951,159.2299957,159.7799988,160.4700012,18997300,155.1983185
10/18/2017,160.7100067,159.6000061,160.4199982,159.7599945,16374200,154.5116425
10/19/2017,157.0800018,155.0200043,156.75,155.9799957,42584200,150.8558044
10/20/2017,157.75,155.9600067,156.6100006,156.25,23974100,151.1169586
10/23/2017,157.6900024,155.5,156.8899994,156.1699982,21984300,151.0395813
10/24/2017,157.4199982,156.1999969,156.2899933,157.1000061,17757200,151.9390106
10/25/2017,157.5500031,155.2700043,156.9100037,156.4100037,21207100,151.2716827
10/26/2017,157.8300018,156.7799988,157.2299957,157.4100037,17000500,152.2388153
10/27/2017,163.6000061,158.6999969,159.2899933,163.0500031,44454200,157.6935425
10/30/2017,168.0700073,163.7200012,163.8899994,166.7200012,44700800,161.2429962
10/31/2017,169.6499939,166.9400024,167.8999939,169.0399933,36046800,163.4867554
11/1/2017,169.9400024,165.6100006,169.8699951,166.8899994,33637800,161.4073944
11/2/2017,168.5,165.2799988,166.6000061,168.1100006,41393400,162.587326
11/3/2017,174.2599945,171.1199951,174,172.5,59398600,166.8331146
11/6/2017,174.9900055,171.7200012,172.3699951,174.25,35026300,168.5256195
11/7/2017,175.25,173.6000061,173.9100037,174.8099976,24361500,169.067215
11/8/2017,176.2400055,174.3300018,174.6600037,176.2400055,24409500,170.4502563
11/9/2017,176.1000061,173.1399994,175.1100006,175.8800049,29482600,170.1020966
11/10/2017,175.3800049,174.2700043,175.1100006,174.6699982,25145500,169.539093
11/13/2017,174.5,173.3999939,173.5,173.9700012,16982100,168.8596649
11/14/2017,173.4799957,171.1799927,173.0399933,171.3399963,24782500,166.3069
11/15/2017,170.3200073,168.3800049,169.9700012,169.0800018,29158100,164.1132813
11/16/2017,171.8699951,170.3000031,171.1799927,171.1000061,23637500,166.0739746
11/17/2017,171.3899994,169.6399994,171.0399933,170.1499939,21899500,165.1518707
11/20/2017,170.5599976,169.5599976,170.2899933,169.9799957,16262400,164.9868927
11/21/2017,173.6999969,170.7799988,170.7799988,173.1399994,25131300,168.0540314
11/22/2017,175,173.0500031,173.3600006,174.9600067,25588900,169.8205872
11/24/2017,175.5,174.6499939,175.1000061,174.9700012,14026700,169.830307
11/27/2017,175.0800018,173.3399963,175.0500031,174.0899963,20716800,168.9761353
11/28/2017,174.8699951,171.8600006,174.3000031,173.0700073,26428800,167.9860992
11/29/2017,172.9199982,167.1600037,172.6300049,169.4799957,41666400,164.5015869
11/30/2017,172.1399994,168.4400024,170.4299927,171.8500061,41527200,166.8019562
12/1/2017,171.6699982,168.5,169.9499969,171.0500031,39759300,166.0254364
12/4/2017,172.6199951,169.6300049,172.4799957,169.8000031,32542400,164.8121338
12/5/2017,171.5200043,168.3999939,169.0599976,169.6399994,27350200,164.6568451
12/6/2017,170.1999969,166.4600067,167.5,169.0099945,28560000,164.0453796
12/7/2017,170.4400024,168.9100037,169.0299988,169.3200073,25673300,164.3462982
12/8/2017,171,168.8200073,170.4900055,169.3699951,23355200,164.3947754
12/11/2017,172.8899994,168.7899933,169.1999969,172.6699982,35273800,167.5978546
12/12/2017,172.3899994,171.4600067,172.1499939,171.6999969,19409200,166.6563568
12/13/2017,173.5399933,172,172.5,172.2700043,23818400,167.20961
12/14/2017,173.1300049,171.6499939,172.3999939,172.2200012,20476500,167.1610565
12/15/2017,174.1699982,172.4600067,173.6300049,173.9700012,40169300,168.8596649
12/18/2017,177.1999969,174.8600006,174.8800049,176.4199982,29421100,171.2377167
12/19/2017,175.3899994,174.0899963,175.0299988,174.5399933,27436400,169.4129028
12/20/2017,175.4199982,173.25,174.8699951,174.3500061,23475600,169.2285004
12/21/2017,176.0200043,174.1000061,174.1699982,175.0099945,20949900,169.8691101
12/22/2017,175.4199982,174.5,174.6799927,175.0099945,16349400,169.8691101
12/26/2017,171.4700012,169.6799927,170.8000031,170.5700073,33185500,165.5595551
12/27/2017,170.7799988,169.7100067,170.1000061,170.6000061,21498200,165.5886688
12/28/2017,171.8500061,170.4799957,171,171.0800018,16480200,166.0545807
12/29/2017,170.5899963,169.2200012,170.5200043,169.2299957,25999900,164.2588959
1/2/2018,172.3000031,169.2599945,170.1600037,172.2599945,25555900,167.1998901
1/3/2018,174.5500031,171.9600067,172.5299988,172.2299957,29517900,167.1707764
1/4/2018,173.4700012,172.0800018,172.5399933,173.0299988,22434600,167.9472656
1/5/2018,175.3699951,173.0500031,173.4400024,175,23660000,169.8594055
1/8/2018,175.6100006,173.9299927,174.3500061,174.3500061,20567800,169.2285004
1/9/2018,175.0599976,173.4100037,174.5500031,174.3300018,21584000,169.2090912
1/10/2018,174.3000031,173,173.1600037,174.2899933,23959900,169.1702576
1/11/2018,175.4900055,174.4900055,174.5899963,175.2799988,18667700,170.1311798
1/12/2018,177.3600006,175.6499939,176.1799927,177.0899963,25418100,171.888031
1/16/2018,179.3899994,176.1399994,177.8999939,176.1900024,29565900,171.0144653
1/17/2018,179.25,175.0700073,176.1499939,179.1000061,34386800,173.8390045
1/18/2018,180.1000061,178.25,179.3699951,179.2599945,31193400,173.9942932
1/19/2018,179.5800018,177.4100037,178.6100006,178.4600067,32425100,173.2177887
1/22/2018,177.7799988,176.6000061,177.3000031,177,27108600,171.8006744
1/23/2018,179.4400024,176.8200073,177.3000031,177.0399933,32689100,171.8394928
1/24/2018,177.3000031,173.1999969,177.25,174.2200012,51105100,169.1023254
1/25/2018,174.9499969,170.5299988,174.5099945,171.1100006,41529000,166.0836792
1/26/2018,172,170.0599976,172,171.5099945,39143000,166.4719238
1/29/2018,170.1600037,167.0700073,170.1600037,167.9600067,50640400,163.0262146
1/30/2018,167.3699951,164.6999969,165.5299988,166.9700012,46048200,162.0652771
1/31/2018,168.4400024,166.5,166.8699951,167.4299927,32478900,162.5117798
2/1/2018,168.6199951,166.7599945,167.1699982,167.7799988,47230800,162.8514862
2/2/2018,166.8000031,160.1000061,166,160.5,86593800,155.7853699
2/5/2018,163.8800049,156,159.1000061,156.4900055,72738500,151.8931274
2/6/2018,163.7200012,154,154.8300018,163.0299988,68243800,158.2410126
2/7/2018,163.3999939,159.0700073,163.0899963,159.5399933,51608600,154.8535309
2/8/2018,161,155.0299988,160.2899933,155.1499939,54390500,150.5924988
2/9/2018,157.8899994,150.2400055,157.0700073,156.4100037,70672600,152.4344635
2/12/2018,163.8899994,157.5099945,158.5,162.7100067,60819500,158.5743256
2/13/2018,164.75,161.6499939,161.9499969,164.3399963,32549200,160.1629028
2/14/2018,167.5399933,162.8800049,163.0399933,167.3699951,40644900,163.1158905
2/15/2018,173.0899963,169,169.7899933,172.9900055,51147200,168.5930328
2/16/2018,174.8200073,171.7700043,172.3600006,172.4299927,40176100,168.0472717
2/20/2018,174.2599945,171.4199982,172.0500031,171.8500061,33930500,167.4820251
2/21/2018,174.1199951,171.0099945,172.8300018,171.0700073,37471600,166.7218475
2/22/2018,173.9499969,171.7100067,171.8000031,172.5,30991900,168.115509
2/23/2018,175.6499939,173.5399933,173.6699982,175.5,33812400,171.0392456
2/26/2018,179.3899994,176.2100067,176.3500061,178.9700012,38162200,174.4210358
2/27/2018,180.4799957,178.1600037,179.1000061,178.3899994,38928100,173.8558044
2/28/2018,180.6199951,178.0500031,179.2599945,178.1199951,37782100,173.5926666
3/1/2018,179.7799988,172.6600037,178.5399933,175,48802000,170.5519409
3/2/2018,176.3000031,172.4499969,172.8000031,176.2100067,38454000,171.7311859
3/5/2018,177.7400055,174.5200043,175.2100067,176.8200073,28401400,172.3257141
3/6/2018,178.25,176.1300049,177.9100037,176.6699982,23788500,172.1795044
3/7/2018,175.8500061,174.2700043,174.9400024,175.0299988,31703500,170.5812073
3/8/2018,177.1199951,175.0700073,175.4799957,176.9400024,23774100,172.4426422
3/9/2018,180,177.3899994,177.9600067,179.9799957,32185200,175.405365
3/12/2018,182.3899994,180.2100067,180.2899933,181.7200012,32207100,177.1011353
3/13/2018,183.5,179.2400055,182.5899963,179.9700012,31693500,175.3956299
3/14/2018,180.5200043,177.8099976,180.3200073,178.4400024,29368400,173.9044952
3/15/2018,180.2400055,178.0700073,178.5,178.6499939,22743800,174.1091614
3/16/2018,179.1199951,177.6199951,178.6499939,178.0200043,39404700,173.4951935
3/19/2018,177.4700012,173.6600037,177.3200073,175.3000031,33446800,170.8443451
3/20/2018,176.8000031,174.9400024,175.2400055,175.2400055,19649400,170.7858582
3/21/2018,175.0899963,171.2599945,175.0399933,171.2700043,37054900,166.916748
3/22/2018,172.6799927,168.6000061,170,168.8500061,41490800,164.5582733
3/23/2018,169.9199982,164.9400024,168.3899994,164.9400024,41028800,160.7476349
3/26/2018,173.1000061,166.4400024,168.0700073,172.7700043,37541200,168.3786621
3/27/2018,175.1499939,166.9199982,173.6799927,168.3399963,40922600,164.0612183
3/28/2018,170.0200043,165.1900024,167.25,166.4799957,41668500,162.2485199
3/29/2018,171.75,166.8999939,167.8099976,167.7799988,38398500,163.5154572
4/2/2018,168.9400024,164.4700012,166.6399994,166.6799927,37586800,162.4434204
4/3/2018,168.75,164.8800049,167.6399994,168.3899994,30278000,164.1099701
4/4/2018,172.0099945,164.7700043,164.8800049,171.6100006,34605500,167.2481232
4/5/2018,174.2299957,172.0800018,172.5800018,172.8000031,26933200,168.4078674
4/6/2018,172.4799957,168.1999969,170.9700012,168.3800049,35005300,164.100235
4/9/2018,173.0899963,169.8500061,169.8800049,170.0500031,29017700,165.7277832
4/10/2018,174,171.5299988,173,173.25,28408600,168.8464508
4/11/2018,173.9199982,171.6999969,172.2299957,172.4400024,22431600,168.0570221
4/12/2018,175,173.0399933,173.4100037,174.1399994,22889300,169.7138214
4/13/2018,175.8399963,173.8500061,174.7799988,174.7299957,25124300,170.2888031
4/16/2018,176.1900024,174.8300018,175.0299988,175.8200073,21578400,171.35112
4/17/2018,178.9400024,176.4100037,176.4900055,178.2400055,26605400,173.7095947
4/18/2018,178.8200073,176.8800049,177.8099976,177.8399963,20754500,173.3197632
4/19/2018,175.3899994,172.6600037,173.7599945,172.8000031,34808800,168.4078674
4/20/2018,171.2200012,165.4299927,170.6000061,165.7200012,65491100,161.5078125
4/23/2018,166.9199982,164.0899963,166.8300018,165.2400055,36515500,161.0400391
4/24/2018,166.3300018,161.2200012,165.6699982,162.9400024,33692000,158.7984924
4/25/2018,165.4199982,162.4100037,162.6199951,163.6499939,28382100,159.4904327
4/26/2018,165.7299957,163.3699951,164.1199951,164.2200012,27963000,160.0459595
4/27/2018,164.3300018,160.6300049,164,162.3200073,35655800,158.1942444
4/30/2018,167.2599945,161.8399963,162.1300049,165.2599945,42427400,161.0595093
5/1/2018,169.1999969,165.2700043,166.4100037,169.1000061,53569400,164.8018951
5/2/2018,177.75,173.8000031,175.2299957,176.5700073,66539400,172.0820618
5/3/2018,177.5,174.4400024,175.8800049,176.8899994,34068200,172.3939056
5/4/2018,184.25,178.1699982,178.25,183.8300018,56201300,179.1575165
5/7/2018,187.6699982,184.75,185.1799927,185.1600037,42451400,180.4537201
5/8/2018,186.2200012,183.6699982,184.9900055,186.0500031,28402800,181.3210907
5/9/2018,187.3999939,185.2200012,186.5500031,187.3600006,23211200,182.5977936
5/10/2018,190.3699951,187.6499939,187.7400055,190.0399933,27989300,185.209671
5/11/2018,190.0599976,187.4499969,189.4900055,188.5899963,26212200,184.5052643
5/14/2018,189.5299988,187.8600006,189.0099945,188.1499939,20778800,184.0747986
5/15/2018,187.0700073,185.1000061,186.7799988,186.4400024,23695200,182.4018402
5/16/2018,188.4600067,186,186.0700073,188.1799927,19183100,184.1041412
5/17/2018,188.9100037,186.3600006,188,186.9900055,17294000,182.9399261
5/18/2018,187.8099976,186.1300049,187.1900024,186.3099976,18297700,182.2746429
5/21/2018,189.2700043,186.9100037,188,187.6300049,18400800,183.5660706
5/22/2018,188.8800049,186.7799988,188.3800049,187.1600037,15240700,183.1062164
5/23/2018,188.5,185.7599945,186.3500061,188.3600006,20058400,184.2802734
5/24/2018,188.8399963,186.2100067,188.7700043,188.1499939,23234000,184.0747986
5/25/2018,189.6499939,187.6499939,188.2299957,188.5800018,17461000,184.4954987
5/29/2018,188.75,186.8699951,187.6000061,187.8999939,22514100,183.8302307
5/30/2018,188,186.7799988,187.7200012,187.5,18690500,183.4388885
5/31/2018,188.2299957,186.1399994,187.2200012,186.8699951,27482800,182.8225098
6/1/2018,190.2599945,187.75,187.9900055,190.2400055,23442500,186.1195068
6/4/2018,193.4199982,191.3500061,191.6399994,191.8300018,26266200,187.6750946
6/5/2018,193.9400024,192.3600006,193.0700073,193.3099976,21566000,189.1230316
6/6/2018,194.0800018,191.9199982,193.6300049,193.9799957,20933600,189.7785187
6/7/2018,194.1999969,192.3399963,194.1399994,193.4600067,21347200,189.2698059
6/8/2018,192,189.7700043,191.1699982,191.6999969,26656800,187.5479126
6/11/2018,191.9700012,190.2100067,191.3500061,191.2299957,18308500,187.088089
6/12/2018,192.6100006,191.1499939,191.3899994,192.2799988,16911100,188.1153412
6/13/2018,192.8800049,190.4400024,192.4199982,190.6999969,21638400,186.5695648
6/14/2018,191.5700073,190.2200012,191.5500031,190.8000031,21610100,186.6674042
6/15/2018,190.1600037,188.2599945,190.0299988,188.8399963,61719200,184.7498627
6/18/2018,189.2200012,187.1999969,187.8800049,188.7400055,18484900,184.6520081
6/19/2018,186.3300018,183.4499969,185.1399994,185.6900024,33578500,181.6680756
6/20/2018,187.1999969,185.7299957,186.3500061,186.5,20628700,182.4605408
6/21/2018,188.3500061,184.9400024,187.25,185.4600067,25711900,181.4430695
6/22/2018,186.1499939,184.6999969,186.1199951,184.9199982,27200400,180.9147491
6/25/2018,184.9199982,180.7299957,183.3999939,182.1699982,31663100,178.2243042
6/26/2018,186.5299988,182.5399933,182.9900055,184.4299927,24569200,180.435379
6/27/2018,187.2799988,184.0299988,185.2299957,184.1600037,25285300,180.1712189
6/28/2018,186.2100067,183.8000031,184.1000061,185.5,17365200,181.4822083
6/29/2018,187.1900024,182.9100037,186.2899933,185.1100006,22737700,181.100647
7/2/2018,187.3000031,183.4199982,183.8200073,187.1799927,17731300,183.1258087
7/3/2018,187.9499969,183.5399933,187.7899933,183.9199982,13954800,179.9364166
7/5/2018,186.4100037,184.2799988,185.2599945,185.3999939,16604200,181.3843536
7/6/2018,188.4299927,185.1999969,185.4199982,187.9700012,17485200,183.8986816
7/9/2018,190.6799927,189.3000031,189.5,190.5800018,19756600,186.4521637
7/10/2018,191.2799988,190.1799927,190.7100067,190.3500061,15939100,186.2271729
7/11/2018,189.7799988,187.6100006,188.5,187.8800049,18831500,183.8106384
7/12/2018,191.4100037,189.3099976,189.5299988,191.0299988,18041100,186.8924103
7/13/2018,191.8399963,190.8999939,191.0800018,191.3300018,12513900,187.1858978
7/16/2018,192.6499939,190.4199982,191.5200043,190.9100037,15043100,186.7750244
7/17/2018,191.8699951,189.1999969,189.75,191.4499969,15534500,187.303299
7/18/2018,191.8000031,189.9299927,191.7799988,190.3999939,16393400,186.2760468
7/19/2018,192.5500031,189.6900024,189.6900024,191.8800049,20286800,187.7240295
7/20/2018,192.4299927,190.1699982,191.7799988,191.4400024,20676200,187.2935638
7/23/2018,191.9600067,189.5599976,190.6799927,191.6100006,15989400,187.4598389
7/24/2018,193.6600037,192.0500031,192.4499969,193,18697900,188.8197479
7/25/2018,194.8500061,192.4299927,193.0599976,194.8200073,16709900,190.6003418
7/26/2018,195.9600067,193.6100006,194.6100006,194.2100067,19076000,190.00354
7/27/2018,195.1900024,190.1000061,194.9900055,190.9799957,24024000,186.8435211
7/30/2018,192.1999969,189.0700073,191.8999939,189.9100037,21029500,185.7966766
7/31/2018,192.1399994,189.3399963,190.3000031,190.2899933,39373000,186.1684265
8/1/2018,201.7599945,197.3099976,199.1300049,201.5,67935700,197.1356506
8/2/2018,208.3800049,200.3500061,200.5800018,207.3899994,62404000,202.8980713
8/3/2018,208.7400055,205.4799957,207.0299988,207.9900055,33447400,203.4850616
8/6/2018,209.25,207.0700073,208,209.0700073,25425400,204.5416718
8/7/2018,209.5,206.7599945,209.3200073,207.1100006,25587400,202.6241302
8/8/2018,207.8099976,204.5200043,206.0500031,207.25,22525500,202.7611237
8/9/2018,209.7799988,207.1999969,209.5299988,208.8800049,23492600,204.3558044
8/10/2018,209.1000061,206.6699982,207.3600006,207.5299988,24611200,203.7471008
8/13/2018,210.9499969,207.6999969,209.3099976,208.8699951,25890900,205.0626678
8/14/2018,210.5599976,208.2599945,210.1600037,209.75,20748000,205.9266663
8/15/2018,210.7400055,208.3300018,209.2200012,210.2400055,28807600,206.4077148
8/16/2018,213.8099976,211.4700012,211.75,213.3200073,28500400,209.4315796
8/17/2018,217.9499969,213.1600037,213.4400024,217.5800018,35427000,213.6138916
8/20/2018,219.1799927,215.1100006,218.1000061,215.4600067,30287700,211.5325623
8/21/2018,217.1900024,214.0299988,216.8000031,215.0399933,26159800,211.1202087
8/22/2018,216.3600006,213.8399963,214.1000061,215.0500031,19018100,211.1300354
8/23/2018,217.0500031,214.6000061,214.6499939,215.4900055,18883200,211.5620117
8/24/2018,216.8999939,215.1100006,216.6000061,216.1600037,18476400,212.2198029
8/27/2018,218.7400055,216.3300018,217.1499939,217.9400024,20525100,213.9673462
8/28/2018,220.5399933,218.9199982,219.0099945,219.6999969,22776800,215.6952667
8/29/2018,223.4900055,219.4100037,220.1499939,222.9799957,27254800,218.9154816
8/30/2018,228.2599945,222.3999939,223.25,225.0299988,48793800,220.9281006
8/31/2018,228.8699951,226,226.5099945,227.6300049,43340100,223.4807129
9/4/2018,229.1799927,226.6300049,228.4100037,228.3600006,27390100,224.1974182
9/5/2018,229.6699982,225.1000061,228.9900055,226.8699951,33333000,222.7345886
9/6/2018,227.3500061,221.3000031,226.2299957,223.1000061,34290000,219.0333099
9/7/2018,225.3699951,220.7100067,221.8500061,221.3000031,37619800,217.2661133
9/10/2018,221.8500061,216.4700012,220.9499969,218.3300018,39516500,214.350235
9/11/2018,224.3000031,216.5599976,218.0099945,223.8500061,35749000,219.7696381
9/12/2018,225,219.8399963,224.9400024,221.0700073,49278700,217.0402985
9/13/2018,228.3500061,222.5700073,223.5200043,226.4100037,41706400,222.282959
9/14/2018,226.8399963,222.5200043,225.75,223.8399963,31999300,219.7598114
9/17/2018,222.9499969,217.2700043,222.1499939,217.8800049,37195100,213.9084473
9/18/2018,221.8500061,217.1199951,217.7899933,218.2400055,31571700,214.2618866
9/19/2018,219.6199951,215.3000031,218.5,218.3699951,27123800,214.3894958
9/20/2018,222.2799988,219.1499939,220.2400055,220.0299988,26608800,216.0192719
9/21/2018,221.3600006,217.2899933,220.7799988,217.6600037,96246700,213.6924591
9/24/2018,221.2599945,216.6300049,216.8200073,220.7899933,27693400,216.7653961
9/25/2018,222.8200073,219.6999969,219.75,222.1900024,24554400,218.1398773
9/26/2018,223.75,219.7599945,221,220.4199982,23984700,216.4021454
9/27/2018,226.4400024,223.5399933,223.8200073,224.9499969,30181200,220.8495789
9/28/2018,225.8399963,224.0200043,224.7899933,225.7400055,22929400,221.6251678
10/1/2018,229.4199982,226.3500061,227.9499969,227.2599945,23600800,223.1174622
10/2/2018,230,226.6300049,227.25,229.2799988,24788200,225.100647
10/3/2018,233.4700012,229.7799988,230.0500031,232.0700073,28654800,227.839798
10/4/2018,232.3500061,226.7299957,230.7799988,227.9900055,32042000,223.8341675
10/5/2018,228.4100037,220.5800018,227.9600067,224.2899933,33580500,220.2015991
10/8/2018,224.8000031,220.1999969,222.2100067,223.7700043,29663900,219.6911011
10/9/2018,227.2700043,222.25,223.6399994,226.8699951,26891000,222.7345886
10/10/2018,226.3500061,216.0500031,225.4600067,216.3600006,41990600,212.416153
10/11/2018,219.5,212.3200073,214.5200043,214.4499969,53124400,210.5409698
10/12/2018,222.8800049,216.8399963,220.4199982,222.1100006,40337900,218.0613403
10/15/2018,221.8300018,217.2700043,221.1600037,217.3600006,30791000,213.3979187
10/16/2018,222.9900055,216.7599945,218.9299927,222.1499939,29184000,218.1006012
10/17/2018,222.6399994,219.3399963,222.3000031,221.1900024,22885400,217.1581116
10/18/2018,219.7400055,213,217.8600006,216.0200043,32581300,212.0823517
10/19/2018,221.2599945,217.4299927,218.0599976,219.3099976,33078700,215.3123627
10/22/2018,223.3600006,218.9400024,219.7899933,220.6499939,28792100,216.6279449
10/23/2018,223.25,214.6999969,215.8300018,222.7299957,38767800,218.6700287
10/24/2018,224.2299957,214.5399933,222.6000061,215.0899963,40925500,211.1692963
10/25/2018,221.3800049,216.75,217.7100067,219.8000031,29855800,215.793457
10/26/2018,220.1900024,212.6699982,215.8999939,216.3000031,47258400,212.3572388
10/29/2018,219.6900024,206.0899963,219.1900024,212.2400055,45935500,208.3712616
10/30/2018,215.1799927,209.2700043,211.1499939,213.3000031,36660000,209.4119263
10/31/2018,220.4499969,216.6199951,216.8800049,218.8600006,38358900,214.8705902
11/1/2018,222.3600006,216.8099976,219.0500031,222.2200012,58323200,218.169342
11/2/2018,213.6499939,205.4299927,209.5500031,207.4799957,91328700,203.697998
11/5/2018,204.3899994,198.1699982,204.3000031,201.5899963,66163700,197.9153748
11/6/2018,204.7200012,201.6900024,201.9199982,203.7700043,31882900,200.0556488
11/7/2018,210.0599976,204.1300049,205.9700012,209.9499969,33424400,206.1229858
11/8/2018,210.1199951,206.75,209.9799957,208.4900055,25362600,205.4038086
11/9/2018,206.0099945,202.25,205.5500031,204.4700012,34365800,201.4432983
11/12/2018,199.8500061,193.7899933,199,194.1699982,51135500,191.2957611
11/13/2018,197.1799927,191.4499969,191.6300049,192.2299957,46882900,189.3844757
11/14/2018,194.4799957,185.9299927,193.8999939,186.8000031,60801000,184.0348816
11/15/2018,191.9700012,186.8999939,188.3899994,191.4100037,46478800,188.5766296
11/16/2018,194.9700012,189.4600067,190.5,193.5299988,36928300,190.6652374
11/19/2018,190.6999969,184.9900055,190,185.8600006,41925300,183.1087799
11/20/2018,181.4700012,175.5099945,178.3699951,176.9799957,67825200,174.3602448
11/21/2018,180.2700043,176.5500031,179.7299957,176.7799988,31124200,174.1631927
11/23/2018,176.6000061,172.1000061,174.9400024,172.2899933,23624000,169.7396545
11/26/2018,174.9499969,170.2599945,174.2400055,174.6199951,44998500,172.0351715
11/27/2018,174.7700043,170.8800049,171.5099945,174.2400055,41387400,171.6607971
11/28/2018,181.2899933,174.9299927,176.7299957,180.9400024,46062500,178.2616272
11/29/2018,182.8000031,177.6999969,182.6600037,179.5500031,41770000,176.8921967
11/30/2018,180.3300018,177.0299988,180.2899933,178.5800018,39531500,175.936554
12/3/2018,184.9400024,181.2100067,184.4600067,184.8200073,40802500,182.0841827
12/4/2018,182.3899994,176.2700043,180.9499969,176.6900024,41344300,174.0745392
12/6/2018,174.7799988,170.4199982,171.7599945,174.7200012,43098400,172.1336823
12/7/2018,174.4900055,168.3000031,173.4900055,168.4900055,42281600,165.9959259
12/10/2018,170.0899963,163.3300018,165,169.6000061,62026000,167.0894775
12/11/2018,171.7899933,167,171.6600037,168.6300049,47281700,166.1338501
12/12/2018,171.9199982,169.0200043,170.3999939,169.1000061,35627700,166.5968781
12/13/2018,172.5700073,169.5500031,170.4900055,170.9499969,31898600,168.4194794
12/14/2018,169.0800018,165.2799988,169,165.4799957,40703700,163.0304565
12/17/2018,168.3500061,162.7299957,165.4499969,163.9400024,44287900,161.5132599
12/18/2018,167.5299988,164.3899994,165.3800049,166.0700073,33841500,163.6117401
12/19/2018,167.4499969,159.0899963,166,160.8899994,49047300,158.5084076
12/20/2018,162.1100006,155.3000031,160.3999939,156.8300018,64773000,154.5084991
12/21/2018,158.1600037,149.6300049,156.8600006,150.7299957,95744600,148.4987946
12/24/2018,151.5500031,146.5899963,148.1499939,146.8300018,37169200,144.6565399
12/26/2018,157.2299957,146.7200012,148.3000031,157.1699982,58582500,154.8434753
12/27/2018,156.7700043,150.0700073,155.8399963,156.1499939,53117100,153.838562
12/28/2018,158.5200043,154.5500031,157.5,156.2299957,42291400,153.9173889
12/31/2018,159.3600006,156.4799957,158.5299988,157.7400055,35003500,155.4050446
1/2/2019,158.8500061,154.2299957,154.8899994,157.9199982,37039700,155.5823669
1/3/2019,145.7200012,142,143.9799957,142.1900024,91312200,140.0852203
1/4/2019,148.5500031,143.8000031,144.5299988,148.2599945,58607100,146.0653534
1/7/2019,148.8300018,145.8999939,148.6999969,147.9299927,54777800,145.7402649
1/8/2019,151.8200073,148.5200043,149.5599976,150.75,41025300,148.5185089
1/9/2019,154.5299988,149.6300049,151.2899933,153.3099976,45099100,151.0406036
1/10/2019,153.9700012,150.8600006,152.5,153.8000031,35780700,151.5233765
1/11/2019,153.6999969,151.5099945,152.8800049,152.2899933,27023200,150.0357056
1/14/2019,151.2700043,149.2200012,150.8500061,150,32439200,147.7796021
1/15/2019,153.3899994,150.0500031,150.2700043,153.0700073,28710900,150.8041687
1/16/2019,155.8800049,153,153.0800018,154.9400024,30569700,152.6464844
1/17/2019,157.6600037,153.2599945,154.1999969,155.8600006,29821200,153.5528717
1/18/2019,157.8800049,155.9799957,157.5,156.8200073,33751000,154.4986572
1/22/2019,156.7299957,152.6199951,156.4100037,153.3000031,30394000,151.030777
1/23/2019,155.1399994,151.6999969,154.1499939,153.9199982,23130600,151.6415863
1/24/2019,154.4799957,151.7400055,154.1100006,152.6999969,25441500,150.4396362
1/25/2019,158.1300049,154.3200073,155.4799957,157.7599945,33535500,155.4247437
1/28/2019,156.3300018,153.6600037,155.7899933,156.3000031,26192100,153.9863586
1/29/2019,158.1300049,154.1100006,156.25,154.6799927,41587200,152.3903198
1/30/2019,166.1499939,160.2299957,163.25,165.25,61109800,162.8038635
1/31/2019,169,164.5599976,166.1100006,166.4400024,40739600,163.9762421
2/1/2019,168.9799957,165.9299927,166.9600067,166.5200043,32668100,164.055069
2/4/2019,171.6600037,167.2799988,167.4100037,171.25,31495500,168.7150421
2/5/2019,175.0800018,172.3500061,172.8600006,174.1799927,36101600,171.6016846
2/6/2019,175.5700073,172.8500061,174.6499939,174.2400055,28239600,171.6607971
2/7/2019,173.9400024,170.3399963,172.3999939,170.9400024,31741700,168.4096527
2/8/2019,170.6600037,168.4199982,168.9900055,170.4100037,23820000,168.6075287
2/11/2019,171.2100067,169.25,171.0500031,169.4299927,20993400,167.6378784
2/12/2019,171,169.6999969,170.1000061,170.8899994,22283500,169.0824432
2/13/2019,172.4799957,169.9199982,171.3899994,170.1799927,22490200,168.3799438
2/14/2019,171.2599945,169.3800049,169.7100067,170.8000031,21835700,168.9934082
2/15/2019,171.6999969,169.75,171.25,170.4199982,24626800,168.6174316
2/19/2019,171.4400024,169.4900055,169.7100067,170.9299927,18972800,169.1220093
2/20/2019,173.3200073,170.9900055,171.1900024,172.0299988,26114400,170.2103882
2/21/2019,172.3699951,170.3000031,171.8000031,171.0599976,17249700,169.2506561
2/22/2019,173,171.3800049,171.5800018,172.9700012,18913200,171.1404419
2/25/2019,175.8699951,173.9499969,174.1600037,174.2299957,21873400,172.3871155
2/26/2019,175.3000031,173.1699982,173.7100067,174.3300018,17070200,172.4860535
2/27/2019,175,172.7299957,173.2100067,174.8699951,27835400,173.02034
2/28/2019,174.9100037,172.9199982,174.3200073,173.1499939,28215400,171.3185425
3/1/2019,175.1499939,172.8899994,174.2799988,174.9700012,25886200,173.119278
3/4/2019,177.75,173.9700012,175.6900024,175.8500061,27436200,173.9899902
3/5/2019,176,174.5399933,175.9400024,175.5299988,19737400,173.6733704
3/6/2019,175.4900055,173.9400024,174.6699982,174.5200043,20810400,172.674057
3/7/2019,174.4400024,172.0200043,173.8699951,172.5,24796400,170.675415
3/8/2019,173.0700073,169.5,170.3200073,172.9100037,23999400,171.0810852
3/11/2019,179.1199951,175.3500061,175.4900055,178.8999939,32011000,177.0077057
3/12/2019,182.6699982,179.3699951,180,180.9100037,32467600,178.9964752
3/13/2019,183.3000031,180.9199982,182.25,181.7100067,31032500,179.7879944
3/14/2019,184.1000061,182.5599976,183.8999939,183.7299957,23579500,181.7866211
3/15/2019,187.3300018,183.7400055,184.8500061,186.1199951,39042900,184.1513367
3/18/2019,188.3899994,185.7899933,185.8000031,188.0200043,26219800,186.0312653
3/19/2019,188.9900055,185.9199982,188.3500061,186.5299988,31646400,184.5570221
3/20/2019,189.4900055,184.7299957,186.2299957,188.1600037,31035200,186.1697845
3/21/2019,196.3300018,189.8099976,190.0200043,195.0899963,51034200,193.0264587
3/22/2019,197.6900024,190.7799988,195.3399963,191.0500031,42407700,189.0292053
3/25/2019,191.9799957,186.6000061,191.5099945,188.7400055,43845300,186.7436371
3/26/2019,192.8800049,184.5800018,191.6600037,186.7899933,49800500,184.8142548
3/27/2019,189.7599945,186.5500031,188.75,188.4700012,29848400,186.4764862
3/28/2019,189.5599976,187.5299988,188.9499969,188.7200012,20780400,186.7238464
3/29/2019,190.0800018,188.5399933,189.8300018,189.9499969,23564000,187.9408417
4/1/2019,191.6799927,188.3800049,191.6399994,191.2400055,27862000,189.2172089
4/2/2019,194.4600067,191.0500031,191.0899963,194.0200043,22765700,191.967804
4/3/2019,196.5,193.1499939,193.25,195.3500061,23271800,193.2837372
4/4/2019,196.3699951,193.1399994,194.7899933,195.6900024,19114300,193.6201172
4/5/2019,197.1000061,195.9299927,196.4499969,197,18526600,194.9162598
4/8/2019,200.2299957,196.3399963,196.4199982,200.1000061,25881700,197.9834747
4/9/2019,202.8500061,199.2299957,200.3200073,199.5,35768200,197.3898315
4/10/2019,200.7400055,198.1799927,198.6799927,200.6199951,21695300,198.4979706
4/11/2019,201,198.4400024,200.8500061,198.9499969,20900800,196.8456421
4/12/2019,200.1399994,196.2100067,199.1999969,198.8699951,27760700,196.7664948
4/15/2019,199.8500061,198.0099945,198.5800018,199.2299957,17536600,197.1226807
4/16/2019,201.3699951,198.5599976,199.4600067,199.25,25696400,197.1424713
4/17/2019,203.3800049,198.6100006,199.5399933,203.1300049,28906800,200.9814453
4/18/2019,204.1499939,202.5200043,203.1199951,203.8600006,24195800,201.7037201
4/22/2019,204.9400024,202.3399963,202.8300018,204.5299988,19439500,202.3666382
4/23/2019,207.75,203.8999939,204.4299927,207.4799957,23323000,205.2854156
4/24/2019,208.4799957,207.0500031,207.3600006,207.1600037,17540600,204.968811
4/25/2019,207.7599945,205.1199951,206.8300018,205.2799988,18543200,203.1087036
4/26/2019,205,202.1199951,204.8999939,204.3000031,18649100,202.1390686
4/29/2019,205.9700012,203.8600006,204.3999939,204.6100006,22204700,202.4457855
4/30/2019,203.3999939,199.1100006,203.0599976,200.6699982,46534900,198.5474548
5/1/2019,215.3099976,209.2299957,209.8800049,210.5200043,64827300,208.2932739
5/2/2019,212.6499939,208.1300049,209.8399963,209.1499939,31996300,206.9377594
5/3/2019,211.8399963,210.2299957,210.8899994,211.75,20892400,209.5102692
5/6/2019,208.8399963,203.5,204.2899933,208.4799957,32443100,206.2748566
5/7/2019,207.4199982,200.8300018,205.8800049,202.8600006,38763700,200.7142944
5/8/2019,205.3399963,201.75,201.8999939,202.8999939,26339500,200.7538605
5/9/2019,201.6799927,196.6600037,200.3999939,200.7200012,34908600,198.5969238
5/10/2019,198.8500061,192.7700043,197.4199982,197.1799927,41208700,195.8456726
5/13/2019,189.4799957,182.8500061,187.7100067,185.7200012,57430600,184.4632416
5/14/2019,189.6999969,185.4100037,186.4100037,188.6600037,36529700,187.3833313
5/15/2019,191.75,186.0200043,186.2700043,190.9199982,26544700,189.6280365
5/16/2019,192.4700012,188.8399963,189.9100037,190.0800018,33031400,188.7937317
5/17/2019,190.8999939,186.7599945,186.9299927,189,32879100,187.7210388
5/20/2019,184.3500061,180.2799988,183.5200043,183.0899963,38612300,181.8510284
5/21/2019,188,184.6999969,185.2200012,186.6000061,28364800,185.3372803
5/22/2019,185.7100067,182.5500031,184.6600037,182.7799988,29748600,181.5431213
5/23/2019,180.5399933,177.8099976,179.8000031,179.6600037,36529700,178.4442444
5/24/2019,182.1399994,178.6199951,180.1999969,178.9700012,23714700,177.7589111
5/28/2019,180.5899963,177.9100037,178.9199982,178.2299957,27948200,177.0239105
5/29/2019,179.3500061,176,176.4199982,177.3800049,28481200,176.179657
5/30/2019,179.2299957,176.6699982,177.9499969,178.3000031,21218400,177.0934448
5/31/2019,177.9900055,174.9900055,176.2299957,175.0700073,27043600,173.8852997
6/3/2019,177.9199982,170.2700043,175.6000061,173.3000031,40396100,172.1272736
6/4/2019,179.8300018,174.5200043,175.4400024,179.6399994,30968000,178.4243774
6/5/2019,184.9900055,181.1399994,184.2799988,182.5399933,29773400,181.3047333
6/6/2019,185.4700012,182.1499939,183.0800018,185.2200012,22526300,183.9666138
6/7/2019,191.9199982,185.7700043,186.5099945,190.1499939,30684400,188.8632507
6/10/2019,195.3699951,191.6199951,191.8099976,192.5800018,26220900,191.2768097
6/11/2019,196,193.6000061,194.8600006,194.8099976,26932900,193.4917145
6/12/2019,195.9700012,193.3899994,193.9499969,194.1900024,18253200,192.8759155
6/13/2019,196.7899933,193.6000061,194.6999969,194.1499939,21674600,192.8361664
6/14/2019,193.5899963,190.3000031,191.5500031,192.7400055,18761500,191.43573
6/17/2019,194.9600067,192.1699982,192.8999939,193.8899994,14669100,192.5779419
6/18/2019,200.2899933,195.2100067,196.0500031,198.4499969,26551000,197.1070862
6/19/2019,199.8800049,197.3099976,199.6799927,197.8699951,21124200,196.5310059
6/20/2019,200.6100006,198.0299988,200.3699951,199.4600067,21514000,198.1102448
6/21/2019,200.8500061,198.1499939,198.8000031,198.7799988,47800600,197.434845
6/24/2019,200.1600037,198.1699982,198.5399933,198.5800018,18220400,197.2362061
6/25/2019,199.2599945,195.2899933,198.4299927,195.5700073,21070300,194.246582
6/26/2019,200.9900055,197.3500061,197.7700043,199.8000031,26067500,198.4479523
6/27/2019,201.5700073,199.5700073,200.2899933,199.7400055,20899700,198.3883667
6/28/2019,199.5,197.0500031,198.6799927,197.9199982,31110600,196.580658
7/1/2019,204.4900055,200.6499939,203.1699982,201.5500031,27253000,200.1861115
7/2/2019,203.1300049,201.3600006,201.4100037,202.7299957,16935200,201.3581085
7/3/2019,204.4400024,202.6900024,203.2799988,204.4100037,11362000,203.0267487
7/5/2019,205.0800018,202.8999939,203.3500061,204.2299957,17265500,202.8479614
7/8/2019,201.3999939,198.4100037,200.8099976,200.0200043,25338600,198.6664581
7/9/2019,201.5099945,198.8099976,199.1999969,201.2400055,20578000,199.8782196
7/10/2019,203.7299957,201.5599976,201.8500061,203.2299957,17897100,201.8547363
7/11/2019,204.3899994,201.7100067,203.3099976,201.75,20191800,200.3847504
7/12/2019,204,202.1999969,202.4499969,203.3000031,17595200,201.9242706
7/15/2019,205.8699951,204,204.0899963,205.2100067,16947400,203.8213501
7/16/2019,206.1100006,203.5,204.5899963,204.5,16866800,203.1161346
7/17/2019,205.0899963,203.2700043,204.0500031,203.3500061,14107500,201.9739227
7/18/2019,205.8800049,203.6999969,204,205.6600037,18540600,204.2682953
7/19/2019,206.5,202.3600006,205.7899933,202.5899963,20929300,201.2190704
7/22/2019,207.2299957,203.6100006,203.6499939,207.2200012,22277900,205.8177338
7/23/2019,208.9100037,207.2899933,208.4600067,208.8399963,18355200,207.4267578
7/24/2019,209.1499939,207.1699982,207.6699982,208.6699982,14991600,207.2579346
7/25/2019,209.2400055,206.7299957,208.8899994,207.0200043,13909600,205.6190948
7/26/2019,209.7299957,207.1399994,207.4799957,207.7400055,17618900,206.3342133
7/29/2019,210.6399994,208.4400024,208.4600067,209.6799927,21673400,208.2610779
7/30/2019,210.1600037,207.3099976,208.7599945,208.7799988,33935700,207.3671722
7/31/2019,221.3699951,211.3000031,216.4199982,213.0399933,69281400,211.5983582
8/1/2019,218.0299988,206.7400055,213.8999939,208.4299927,54017900,207.0195313
8/2/2019,206.4299927,201.6300049,205.5299988,204.0200043,40862100,202.639389
8/5/2019,198.6499939,192.5800018,197.9900055,193.3399963,52393000,192.0316467
8/6/2019,198.0700073,194.0399933,196.3099976,197,35824800,195.6668854
8/7/2019,199.5599976,193.8200073,195.4100037,199.0399933,33364400,197.6930847
8/8/2019,203.5299988,199.3899994,200.1999969,203.4299927,27009500,202.0533752
8/9/2019,202.7599945,199.2899933,201.3000031,200.9900055,24619700,200.388382
8/12/2019,202.0500031,199.1499939,199.6199951,200.4799957,22481900,199.8798981
8/13/2019,212.1399994,200.4799957,201.0200043,208.9700012,47218500,208.3444977
8/14/2019,206.4400024,202.5899963,203.1600037,202.75,36547400,202.1431122
8/15/2019,205.1399994,199.6699982,203.4600067,201.7400055,27227400,201.1361389
8/16/2019,207.1600037,203.8399963,204.2799988,206.5,27620400,205.8818817
8/19/2019,212.7299957,210.0299988,210.6199951,210.3500061,24413600,209.7203674
8/20/2019,213.3500061,210.3200073,210.8800049,210.3600006,26884300,209.7303314
8/21/2019,213.6499939,211.6000061,212.9900055,212.6399994,21535400,212.0035095
8/22/2019,214.4400024,210.75,213.1900024,212.4600067,22253700,211.8240509
8/23/2019,212.0500031,201,209.4299927,202.6399994,46818000,202.0334473
8/26/2019,207.1900024,205.0599976,205.8600006,206.4900055,26043600,205.8719177
8/27/2019,208.5500031,203.5299988,207.8600006,204.1600037,25873300,203.5488892
8/28/2019,205.7200012,203.3200073,204.1000061,205.5299988,15938800,204.9147949
8/29/2019,209.3200073,206.6600037,208.5,209.0099945,20990500,208.3843689
8/30/2019,210.4499969,207.1999969,210.1600037,208.7400055,21143400,208.1151886
9/3/2019,206.9799957,204.2200012,206.4299927,205.6999969,20023000,205.0842743
9/4/2019,209.4799957,207.3200073,208.3899994,209.1900024,19188100,208.5638428
9/5/2019,213.9700012,211.5099945,212,213.2799988,23913700,212.6415863
9/6/2019,214.4199982,212.5099945,214.0500031,213.2599945,19362300,212.6216431
9/9/2019,216.4400024,211.0700073,214.8399963,214.1699982,27309400,213.5289307
9/10/2019,216.7799988,211.7100067,213.8600006,216.6999969,31777900,216.0513458
9/11/2019,223.7100067,217.7299957,218.0700073,223.5899963,44289600,222.9207306
9/12/2019,226.4199982,222.8600006,224.8000031,223.0899963,32226700,222.422226
9/13/2019,220.7899933,217.0200043,220,218.75,39763300,218.0952148
9/16/2019,220.1300049,217.5599976,217.7299957,219.8999939,21158100,219.2417755
9/17/2019,220.8200073,219.1199951,219.9600067,220.6999969,18318700,220.0393829
9/18/2019,222.8500061,219.4400024,221.0599976,222.7700043,25340000,222.1031952
9/19/2019,223.7599945,220.3699951,222.0099945,220.9600067,22060600,220.2986145
9/20/2019,222.5599976,217.4700012,221.3800049,217.7299957,55413100,217.0782623
9/23/2019,219.8399963,217.6499939,218.9499969,218.7200012,19165500,218.0653076
9/24/2019,222.4900055,217.1900024,221.0299988,217.6799927,31190800,217.0284119
9/25/2019,221.5,217.1399994,218.5500031,221.0299988,21903400,220.3683929
9/26/2019,220.9400024,218.8300018,220,219.8899994,18833500,219.2318115
9/27/2019,220.9600067,217.2799988,220.5399933,218.8200073,25352000,218.1650238
9/30/2019,224.5800018,220.7899933,220.8999939,223.9700012,25977400,223.2995911
10/1/2019,228.2200012,224.1999969,225.0700073,224.5899963,34805800,223.9177399
10/2/2019,223.5800018,217.9299927,223.0599976,218.9600067,34612300,218.3045959
10/3/2019,220.9600067,215.1300049,218.4299927,220.8200073,28606500,220.1590271
10/4/2019,227.4900055,223.8899994,225.6399994,227.0099945,34619700,226.3304901
10/7/2019,229.9299927,225.8399963,226.2700043,227.0599976,30576500,226.3803406
10/8/2019,228.0599976,224.3300018,225.8200073,224.3999939,27955000,223.728302
10/9/2019,227.7899933,225.6399994,227.0299988,227.0299988,18692600,226.3504333
10/10/2019,230.4400024,227.3000031,227.9299927,230.0899963,28253400,229.4012756
10/11/2019,237.6399994,232.3099976,232.9499969,236.2100067,41698900,235.5029602
10/14/2019,238.1300049,234.6699982,234.8999939,235.8699951,24106900,235.1639709
10/15/2019,237.6499939,234.8800049,236.3899994,235.3200073,21840000,234.6156311
10/16/2019,235.2400055,233.1999969,233.3699951,234.3699951,18475800,233.668457
10/17/2019,236.1499939,233.5200043,235.0899963,235.2799988,16896300,234.5757446
10/18/2019,237.5800018,234.2899933,234.5899963,236.4100037,24358400,235.7023621
10/21/2019,240.9900055,237.3200073,237.5200043,240.5099945,21811800,239.7900848
10/22/2019,242.1999969,239.6199951,241.1600037,239.9600067,20573400,239.241745
10/23/2019,243.2400055,241.2200012,242.1000061,243.1799927,18957200,242.4520874
10/24/2019,244.8000031,241.8099976,244.5099945,243.5800018,17318800,242.8508911
10/25/2019,246.7299957,242.8800049,243.1600037,246.5800018,18369300,245.8419189
10/28/2019,249.25,246.7200012,247.4199982,249.0500031,24143200,248.3045197
10/29/2019,249.75,242.5700073,248.9700012,243.2899933,35709900,242.5617523
10/30/2019,245.3000031,241.2100067,244.7599945,243.2599945,31130500,242.5318451
10/31/2019,249.1699982,237.2599945,247.2400055,248.7599945,34790500,248.0153809
11/1/2019,255.9299927,249.1600037,249.5399933,255.8200073,37781300,255.0542603
11/4/2019,257.8500061,255.3800049,257.3299866,257.5,25818000,256.7292175
11/5/2019,258.1900024,256.3200073,257.0499878,257.1300049,19974400,256.3603516
11/6/2019,257.4899902,255.3699951,256.769989,257.2399902,18966100,256.4700012
11/7/2019,260.3500061,258.1099854,258.7399902,259.4299927,23735100,259.4299927
11/8/2019,260.4400024,256.8500061,258.6900024,260.1400146,17496600,260.1400146
11/11/2019,262.4700012,258.2799988,258.2999878,262.2000122,20455300,262.2000122
11/12/2019,262.7900085,260.9200134,261.5499878,261.9599915,21847200,261.9599915
11/13/2019,264.7799988,261.0700073,261.1300049,264.4700012,25683600,264.4700012
11/14/2019,264.8800049,262.1000061,263.75,262.6400146,22295700,262.6400146
11/15/2019,265.7799988,263.0100098,263.6799927,265.7600098,25051600,265.7600098
11/18/2019,267.4299927,264.230011,265.7999878,267.1000061,21675800,267.1000061
11/19/2019,268,265.3900146,267.8999939,266.2900085,19041800,266.2900085
11/20/2019,266.0799866,260.3999939,265.5400085,263.1900024,26558600,263.1900024
11/21/2019,264.0100098,261.1799927,263.6900024,262.0100098,30348800,262.0100098
11/22/2019,263.1799927,260.8399963,262.5899963,261.7799988,16331300,261.7799988
11/25/2019,266.4400024,262.519989,262.7099915,266.3699951,21005100,266.3699951
11/26/2019,267.1600037,262.5,266.9400024,264.2900085,26301900,264.2900085
11/27/2019,267.980011,265.3099976,265.5799866,267.8399963,16308900,267.8399963
11/29/2019,268,265.8999939,266.6000061,267.25,11654400,267.25
12/2/2019,268.25,263.4500122,267.269989,264.1600037,23621800,264.1600037
12/3/2019,259.5299988,256.2900085,258.3099976,259.4500122,28607600,259.4500122
12/4/2019,263.3099976,260.6799927,261.0700073,261.7399902,15874176,261.7399902
